run_id,architecture,layer_index,layer_name,lambda,lambda_ci_lo,lambda_ci_hi,lambda_r2,log_fit_r2,lambda_alt_metric
vgg19__run_a,vgg19,0,features.0,0.9219689251101473,0.8382626246941217,1.0118061463543786,0.9854144938430949,0.7557971516300983,
vgg19__run_a,vgg19,1,features.1,1.2044546304891557,1.1696203009039428,1.2400994408842507,0.9995384780800174,0.6669535559831109,
vgg19__run_a,vgg19,2,features.2,1.1837257900181437,1.1561455019953524,1.211855956907935,0.9993362267727939,0.669815360759541,
vgg19__run_a,vgg19,3,features.3,1.181321623940576,1.1558385826771373,1.207263311140017,0.9995111612360776,0.6721626299653374,
vgg19__run_a,vgg19,4,features.4,1.1627509484724867,1.1393689288978066,1.1865295193720082,0.9995571200303037,0.6774307245205966,
vgg19__run_a,vgg19,5,features.5,1.028806568331766,1.0165052996880057,1.041779426670765,0.9996054074575127,0.6980435637227148,
vgg19__run_a,vgg19,6,features.6,1.0810933660163273,1.0661345743818251,1.0962269100216493,0.9995132080749467,0.6891854089022995,
vgg19__run_a,vgg19,7,features.7,1.0292517867402746,1.0170164826457044,1.0415872720811823,0.9996913248498449,0.7054063366052321,
vgg19__run_a,vgg19,8,features.8,1.011144180941117,0.9500104349191627,1.0748418975493121,0.9991445347898531,0.7301741370751559,
vgg19__run_a,vgg19,9,features.9,1.0150656313261832,0.9676103597259016,1.0640522874662104,0.9994469069144395,0.7275603736627673,
vgg19__run_a,vgg19,10,features.10,0.9804013671137708,0.9292078294636695,1.0399970080892857,0.9988808471138811,0.7511494477069139,
vgg19__run_a,vgg19,11,features.11,1.0305286678009131,0.9856187458866303,1.0756946299427521,0.9995128368301298,0.729606056890633,
vgg19__run_a,vgg19,12,features.12,0.9873175487650986,0.9513219470109933,1.0359481283171637,0.9992515923404692,0.7466259016382732,
vgg19__run_a,vgg19,13,features.13,1.0442981342433661,0.9986017020276732,1.0912360795345282,0.9995244675072531,0.7275612737054292,
vgg19__run_a,vgg19,14,features.14,1.032669085724163,0.9912063756116637,1.0769803471265205,0.999561798281494,0.7299945058181495,
vgg19__run_a,vgg19,15,features.15,1.0649042414235144,1.0268377464525598,1.1039481773028335,0.9996876745202945,0.7199960950504473,
vgg19__run_a,vgg19,16,features.16,1.010191065743407,0.9790330257818277,1.0661293827636733,0.9992182553204123,0.735726140829035,
vgg19__run_a,vgg19,17,features.17,1.0385530893882327,0.9966248073895708,1.0857100484359463,0.9993717344705741,0.7311777280304894,
vgg19__run_a,vgg19,18,features.18,1.042962407274127,1.0059606349107315,1.0858468913152648,0.9994662594092922,0.728441954503261,
vgg19__run_a,vgg19,19,features.19,1.0269130793943924,0.9799848920986883,1.0580108972161184,0.9993974386861142,0.737627746026531,
vgg19__run_a,vgg19,20,features.20,1.0746162611023822,1.0484539156048167,1.1080610118416132,0.9996052231644514,0.718662688613656,
vgg19__run_a,vgg19,21,features.21,1.0505621960116147,1.0256904688086061,1.0899709127099733,0.9995621023486165,0.7248804339842208,
vgg19__run_a,vgg19,22,features.22,1.0589166868640532,1.0280827435753297,1.088220373493278,0.9992683002592939,0.7277739858045701,
vgg19__run_a,vgg19,23,features.23,1.0673840401687245,1.0420029747689419,1.097615417963561,0.9995917291721157,0.7204463280662553,
vgg19__run_a,vgg19,24,features.24,1.0746421954757124,1.0351983796588466,1.1088043455257306,0.9992480669897494,0.7244896056285941,
vgg19__run_a,vgg19,25,features.25,1.079113357562025,1.0562899775096832,1.1014050233205677,0.9997339041607463,0.7145950630228771,
vgg19__run_a,vgg19,26,features.26,1.0513428397217073,1.0108191580857662,1.075275856208447,0.9991791233824916,0.734187752969397,
vgg19__run_a,vgg19,27,features.27,1.0598308272329828,1.024204200712028,1.0849998172975375,0.9993297327755215,0.72994517805442,
vgg19__run_a,vgg19,28,features.28,1.0760617410655846,1.045370275427344,1.1060167694632825,0.9995925852346266,0.7188686102037883,
vgg19__run_a,vgg19,29,features.29,1.0773366289471697,1.0384707654249363,1.1233630888740487,0.9991941001548852,0.7242034355750129,
vgg19__run_a,vgg19,30,features.30,1.0569238112484582,1.0232768659038887,1.0956947242971717,0.9995554148968704,0.7215225927459153,
vgg19__run_a,vgg19,31,features.31,1.0750261629545632,1.0307678594074965,1.1037657314154539,0.9988800918821914,0.7330831936091504,
vgg19__run_a,vgg19,32,features.32,1.0818997088375606,1.044916347347309,1.1113074848496372,0.9993993243831332,0.7175285949908246,
vgg19__run_a,vgg19,33,features.33,1.0746050226929458,1.022693231523033,1.1109869190019084,0.9990396974745985,0.733467123157592,
vgg19__run_a,vgg19,34,features.34,1.1160480239596478,1.080539456912669,1.1598192884686882,0.9994552902106713,0.7031467902412726,
vgg19__run_a,vgg19,35,features.35,0.9563012338360113,0.8899042912534303,1.014190678912823,0.9988227004995112,0.7738258578456139,
vgg19__run_a,vgg19,36,features.36,0.9762539431683401,0.9001561719751404,1.0350170513041035,0.9987585978723432,0.7689530315374375,
vgg19__run_a,vgg19,37,avgpool,0.9762539431683401,0.9001561719751404,1.0350170513041035,0.9987585978723432,0.7689530315374375,
vgg19__run_a,vgg19,38,classifier.0,1.0093815495535223,0.9581427307655972,1.0587313187943646,0.9990715864560775,0.7480807212377131,
vgg19__run_a,vgg19,39,classifier.1,0.7028352567372071,0.6246262532693688,0.7852082410407801,0.9964964287236362,0.8519156374067492,
vgg19__run_a,vgg19,40,classifier.3,1.1041798165960988,0.9512599777891042,1.2227855509902021,0.99396427117406,0.7496929043606454,
vgg19__run_a,vgg19,41,classifier.4,0.2108997874940745,0.13374730829103132,0.29061487744809783,0.9949065664375416,0.9746974779153936,
vgg19__run_a,vgg19,42,classifier.6,0.2710048574077742,0.15508697608758193,0.4115335475960659,0.9900231955739378,0.9448383662855413,
vgg19__run_a,vgg19,43,logits,0.2710048574077742,0.15508697608758193,0.4115335475960659,0.9900231955739378,0.9448383662855413,
vgg19__run_a,vgg19,44,prob,0.05913990327931937,-0.05205005622179492,0.1347712685621102,0.9916636918302946,0.9795543989701809,
vgg19__run_b,vgg19,0,features.0,0.9234221842463028,0.8427333875377258,1.0167009197198693,0.9859969125101644,0.7558333969510243,
vgg19__run_b,vgg19,1,features.1,1.728625701152565,1.6716249237794523,1.787539363466836,0.9994487471571493,0.547939169279209,
vgg19__run_b,vgg19,2,features.2,1.596107368789954,1.54394456343478,1.6499447199464916,0.9992278914450693,0.564417461345747,
vgg19__run_b,vgg19,3,features.3,0.9756253117162261,0.9154990813852882,1.0518538592570612,0.9984515813011785,0.6869973106975326,
vgg19__run_b,vgg19,4,features.4,0.9758992696559359,0.8984500135220996,1.062296560769117,0.9982258345055683,0.6910435325311358,
vgg19__run_b,vgg19,5,features.5,0.957690352208896,0.9053067171968606,1.0189441638270809,0.9985714455253949,0.7285095906371934,
vgg19__run_b,vgg19,6,features.6,0.7655800692180388,0.6770967310695617,0.8721849772548497,0.9960818427812834,0.7627976196665074,
vgg19__run_b,vgg19,7,features.7,0.8226004683365036,0.7306765902709277,0.9492273173203746,0.9960878443439217,0.7526232610324569,
vgg19__run_b,vgg19,8,features.8,0.778160344004375,0.6471576544724224,0.916448949472079,0.9915194128530423,0.8037426551870246,
vgg19__run_b,vgg19,9,features.9,0.8139768395432568,0.6925717933061585,0.9396822522557005,0.9917469439333138,0.7953857531861428,
vgg19__run_b,vgg19,10,features.10,0.6907273507309273,0.5834335738873767,0.826889905622859,0.9908064645252155,0.8284365593576865,
vgg19__run_b,vgg19,11,features.11,0.676643191016732,0.5519908777893148,0.8135835048883379,0.9908931230777906,0.8348170990948548,
vgg19__run_b,vgg19,12,features.12,0.6934336489953165,0.5647071736455156,0.8437918518887345,0.9884054007468166,0.8322960799289741,
vgg19__run_b,vgg19,13,features.13,0.6413826865861625,0.5100777592370355,0.8256938401939977,0.9876356857381341,0.851158961984285,
vgg19__run_b,vgg19,14,features.14,0.6685071618095337,0.5603326288282813,0.856947831753726,0.9877588923592526,0.839023253137031,
vgg19__run_b,vgg19,15,features.15,0.5900356618214136,0.4663658357285227,0.7254710794460103,0.9875893367178905,0.859789600293684,
vgg19__run_b,vgg19,16,features.16,0.9281356828419417,0.7535966511124943,1.1653457326192047,0.9850274600412969,0.7754359066132173,
vgg19__run_b,vgg19,17,features.17,0.612924659732664,0.4919620769447548,0.7845499973386146,0.9828714309136313,0.8521970150861469,
vgg19__run_b,vgg19,18,features.18,0.6510145098279043,0.5208642252083346,0.8705171705212397,0.9842777494875009,0.8436259662862886,
vgg19__run_b,vgg19,19,features.19,0.6964210900444401,0.5458926103089224,0.9601083536591182,0.9822117203173214,0.8350106254088564,
vgg19__run_b,vgg19,20,features.20,0.5447374429773126,0.42456533961606774,0.7610175884003718,0.9814008990136789,0.8694794545218354,
vgg19__run_b,vgg19,21,features.21,0.7328577902936804,0.552820632707523,0.9016491951495982,0.9847328120084642,0.8304051591060613,
vgg19__run_b,vgg19,22,features.22,0.5331552952683113,0.4109609219606723,0.7481279844770621,0.9747493466542547,0.8712634653127976,
vgg19__run_b,vgg19,23,features.23,0.6374624930045922,0.42049430949733846,0.9430082533065944,0.9752354805935057,0.8395572347447631,
vgg19__run_b,vgg19,24,features.24,0.6435940023917012,0.4714961763593314,0.8667647600486635,0.978529123008073,0.8659556225626655,
vgg19__run_b,vgg19,25,features.25,0.9191789595891848,0.7741110662942187,1.1958292252928706,0.9741387732703746,0.775703044678314,
vgg19__run_b,vgg19,26,features.26,0.6442669850077946,0.48198652262628067,0.8280311938014112,0.9667880637966182,0.8529490890249474,
vgg19__run_b,vgg19,27,features.27,0.6581837114791842,0.502337637438582,0.8248530035791611,0.9770391679924006,0.8543518078130863,
vgg19__run_b,vgg19,28,features.28,0.7258501438932259,0.5884862946772774,0.9266848030528723,0.9761851809980429,0.8332247135100443,
vgg19__run_b,vgg19,29,features.29,0.606358644153437,0.4698053840567451,0.8697361204139973,0.9711161074515233,0.8733730465991136,
vgg19__run_b,vgg19,30,features.30,0.8478598854357702,0.7087843216665018,1.072496962535429,0.9768245682573873,0.8116478578323585,
vgg19__run_b,vgg19,31,features.31,0.527598254186366,0.3794746217555091,0.8165208176330437,0.9645867381176402,0.8776728295430827,
vgg19__run_b,vgg19,32,features.32,0.8148002488608885,0.6000045139563476,1.022988955940689,0.9672898528735637,0.8180460133205348,
vgg19__run_b,vgg19,33,features.33,0.4611442704002985,0.3140897189968401,0.7035785362116606,0.9723540158753036,0.8957005761842403,
vgg19__run_b,vgg19,34,features.34,0.8875949538109392,0.7582046853330808,1.0159809310528887,0.9755757834437353,0.7876910626957847,
vgg19__run_b,vgg19,35,features.35,0.3344969315174271,0.16095965010859348,0.6242820362573451,0.9561988176711604,0.8939727013128935,
vgg19__run_b,vgg19,36,features.36,0.36841982976918164,0.20434034584666794,0.5759912361013848,0.9668828730043804,0.8994470885270721,
vgg19__run_b,vgg19,37,avgpool,0.36841982976918164,0.20434034584666794,0.5759912361013848,0.9668828730043804,0.8994470885270721,
vgg19__run_b,vgg19,38,classifier.0,0.5348126479424997,0.3146908021276646,0.7018423734951693,0.9789885224217074,0.8842935282040558,
vgg19__run_b,vgg19,39,classifier.1,0.31011259045259043,0.14077791264649728,0.5633813449107221,0.9683409800959322,0.9151213301343948,
vgg19__run_b,vgg19,40,classifier.3,0.6234042609561101,0.32678830856690855,0.8302369713606397,0.9708169533774276,0.8689239717504214,
vgg19__run_b,vgg19,41,classifier.4,0.009926131936109212,-0.15322690987479057,0.25387967218864194,0.9645168089832771,0.9282406807132022,
vgg19__run_b,vgg19,42,classifier.6,0.23027853462530573,0.0658955080312868,0.5075443687228063,0.9312807480088191,0.8778123864071821,
vgg19__run_b,vgg19,43,logits,0.23027853462530573,0.0658955080312868,0.5075443687228063,0.9312807480088191,0.8778123864071821,
vgg19__run_b,vgg19,44,prob,0.1648800789795344,-0.09303130313307945,0.29344846035543143,0.9522620379168274,0.9167628449252753,
vgg19_bn,vgg19_bn,0,features.0,0.9225081809526745,0.8397687434842742,1.0126192428564702,0.9856517571874154,0.7556147930927857,0.9994592897364678
vgg19_bn,vgg19_bn,1,features.1,0.9223516245017822,0.8388347169894812,1.0133244942881148,0.9853711617379152,0.7549994973656255,1.0002403227082013
vgg19_bn,vgg19_bn,2,features.2,2.4082156603182043,2.334837669715629,2.485279437656382,0.9992957377154214,0.47281886246422933,1.049954859307744
vgg19_bn,vgg19_bn,3,features.3,1.8622895127266532,1.7396699595397718,1.994411646155827,0.9973045787301974,0.5249204765895408,0.9861235882342062
vgg19_bn,vgg19_bn,4,features.4,1.941574335583649,1.8137924212534051,2.078765343048378,0.9979952937999049,0.5077902713725919,1.0400961303839367
vgg19_bn,vgg19_bn,5,features.5,1.4772071531555067,1.29469556638715,1.6839655834569183,0.9952339955220761,0.5720745642349392,0.8823997991039827
vgg19_bn,vgg19_bn,6,features.6,1.3520837724032053,1.126907153847812,1.6172177018797596,0.9926790925944002,0.6040028909194339,0.9999021390097598
vgg19_bn,vgg19_bn,7,features.7,1.0324596800171961,0.9178535011394605,1.1641032807436626,0.9941633548010627,0.6748997397393575,0.9189635920378587
vgg19_bn,vgg19_bn,8,features.8,1.0534102861807253,0.9230429036907211,1.2029296780530272,0.9932869641781275,0.6668331840292556,0.917300183191627
vgg19_bn,vgg19_bn,9,features.9,1.389654339048918,1.1969093022341797,1.6800892778775882,0.9916976938436641,0.6178041246680073,0.7320512594043563
vgg19_bn,vgg19_bn,10,features.10,0.9449554890993094,0.7823621820821199,1.154164428135501,0.9910295478045248,0.7308754228850591,0.7489321503154069
vgg19_bn,vgg19_bn,11,features.11,0.9252072954457031,0.7695076394952758,1.1070675484313939,0.9918321497266773,0.7340685831671531,0.7427985710239575
vgg19_bn,vgg19_bn,12,features.12,0.6604260270949912,0.47425162650659713,0.8660470118393464,0.9878498591919518,0.804897105370141,0.4989430737836315
vgg19_bn,vgg19_bn,13,features.13,0.7648213745037311,0.6263314101723839,0.9625954146639041,0.9907748703044286,0.7928510050970434,0.6080392339221325
vgg19_bn,vgg19_bn,14,features.14,0.7593947048815671,0.5399926165644725,0.9619514124100572,0.988133062366466,0.8142380162291348,0.6366198058543255
vgg19_bn,vgg19_bn,15,features.15,0.7472903705972509,0.5390053762859044,0.9378450036264692,0.9891469027388815,0.8174211013271842,0.6344512209041322
vgg19_bn,vgg19_bn,16,features.16,0.6568259381465,0.4628084572960665,0.9404362265778181,0.9823457260038659,0.8293767514459811,0.4472243929848738
vgg19_bn,vgg19_bn,17,features.17,0.7543183869176824,0.5660408334875782,0.9022330424090497,0.9877103182870098,0.8236681313793706,0.666698973774955
vgg19_bn,vgg19_bn,18,features.18,0.7945693976694572,0.5995770508593267,0.919229092484459,0.987031239364849,0.8160066812327501,0.6906346167275175
vgg19_bn,vgg19_bn,19,features.19,0.5519222658439975,0.33925284865964406,0.7601891708796571,0.9813842875098719,0.8626913863827524,0.4701621765270967
vgg19_bn,vgg19_bn,20,features.20,0.7284840519426479,0.524880284715976,0.9282288900235284,0.9847487928160201,0.845955705860344,0.5666336249495906
vgg19_bn,vgg19_bn,21,features.21,0.7364538294997344,0.54808557261255,0.9449843058644045,0.9847044622059199,0.8459982831165205,0.5733175481110613
vgg19_bn,vgg19_bn,22,features.22,0.41240384727671353,0.19055327630878288,0.6531622333558953,0.9739724715924889,0.879765247754837,0.35750229930385163
vgg19_bn,vgg19_bn,23,features.23,0.589768022369918,0.39652346772492447,0.9326923314352542,0.960202776769795,0.8352998781068477,0.4276222580357496
vgg19_bn,vgg19_bn,24,features.24,0.5789879178410233,0.3981852824804701,0.9245626138045483,0.9601510878565331,0.8365902805385417,0.43144354601781043
vgg19_bn,vgg19_bn,25,features.25,-0.07111763342223973,-0.2386551027148997,0.1028932767986194,0.982049201981559,0.9291827098560321,0.024395680251828835
vgg19_bn,vgg19_bn,26,features.26,-0.016406668011880447,-0.18111831676718868,0.1597307393305244,0.9818105441762782,0.9314421501496147,0.05562221043923241
vgg19_bn,vgg19_bn,27,features.27,0.013568887689100423,-0.14008016379007593,0.2667381420155117,0.9710918429494687,0.9199387027859068,0.11889176043175209
vgg19_bn,vgg19_bn,28,features.28,0.006150642835829595,-0.1449532941051614,0.26116483026410886,0.9703276461550734,0.9199116698343757,0.1106779703371984
vgg19_bn,vgg19_bn,29,features.29,-0.19847657503148736,-0.42787060701132296,0.035282524270928234,0.9752318323771321,0.8956098475842488,-0.10576698886733808
vgg19_bn,vgg19_bn,30,features.30,-0.12270887995918313,-0.4008119442170052,0.14902966153265784,0.9692806609725382,0.8688096631519212,0.05324261062330065
vgg19_bn,vgg19_bn,31,features.31,-0.1195928581693661,-0.4072943882841754,0.16701899671495285,0.9679819286703754,0.8624395955847559,0.06289208285461462
vgg19_bn,vgg19_bn,32,features.32,-0.16282329051330355,-0.37167433209645895,0.04377293787077175,0.9729653747753619,0.877350234164093,-0.10024667423615122
vgg19_bn,vgg19_bn,33,features.33,-0.029324340211411004,-0.3190844981443831,0.20448276252081948,0.9505529492183876,0.8338474355834953,0.005941369040175452
vgg19_bn,vgg19_bn,34,features.34,0.010167002359296667,-0.2745412180728394,0.25020546016630046,0.9481739610862524,0.8276390195267378,0.037442907403455475
vgg19_bn,vgg19_bn,35,features.35,-0.3484730786967991,-0.4885493389641109,-0.17058299091583212,0.965772533337176,0.8192846464805141,-0.3586034018230308
vgg19_bn,vgg19_bn,36,features.36,-0.2319485599766289,-0.387017411853222,-0.08008051886977008,0.9460443317787656,0.7618809835742513,-0.24448319361893142
vgg19_bn,vgg19_bn,37,features.37,-0.23728406860625187,-0.39333269889112127,-0.08465669736278969,0.9463906227740905,0.7617787178030486,-0.2500513932841312
vgg19_bn,vgg19_bn,38,features.38,-0.8000702066473646,-1.014255465197433,-0.6008338816845175,0.9784836685162899,0.7424001187207834,-0.7161056954206534
vgg19_bn,vgg19_bn,39,features.39,-0.763121115976787,-0.8858526630660059,-0.649394630995774,0.9832609683112106,0.7684887116323383,-0.7148887077300491
vgg19_bn,vgg19_bn,40,features.40,-0.9538158049638198,-1.1112885873893181,-0.7362620143876578,0.9722680947081207,0.7544374673717154,-0.8459654844376576
vgg19_bn,vgg19_bn,41,features.41,-0.958919962895167,-1.1167266605840516,-0.7527345094819591,0.9721180762145869,0.7532900417583634,-0.864851523893178
vgg19_bn,vgg19_bn,42,features.42,-1.0160328325535466,-1.0989174150349252,-0.7994043881232775,0.9728900812418195,0.7537929477747687,-0.974077841576779
vgg19_bn,vgg19_bn,43,features.43,-1.230482106107667,-1.2954547696932988,-1.0672574648755573,0.96822492030781,0.6876668634614161,-1.158153427711944
vgg19_bn,vgg19_bn,44,features.44,-1.2589634492823318,-1.3277882920411872,-1.0861544757261508,0.9682234290222087,0.6835141291186687,-1.182428540441114
vgg19_bn,vgg19_bn,45,features.45,-1.1316251329319345,-1.270482169674013,-0.9441371322418015,0.9659540940684115,0.727554420314309,-1.0979189793100188
vgg19_bn,vgg19_bn,46,features.46,-1.1041017023312842,-1.2952193132784946,-0.945928695067733,0.9697645695444813,0.6477381843362608,-1.064476727254449
vgg19_bn,vgg19_bn,47,features.47,-1.1102293433939607,-1.2945563170870706,-0.9565914817873189,0.9700747409024078,0.6451204221856512,-1.0726171734539152
vgg19_bn,vgg19_bn,48,features.48,-0.5952683797691137,-1.0015420659408818,-0.2681331174245429,0.9398786527789256,0.7911524829757197,-0.5698557139855017
vgg19_bn,vgg19_bn,49,features.49,-1.881410345122104,-2.7213545418760776,-1.0269515586881317,0.9354306295711488,0.5502370372861762,-1.4958785930610237
vgg19_bn,vgg19_bn,50,features.50,-1.8653755958767846,-2.704114342379939,-1.018559346192653,0.9355045443383287,0.5510241044894494,-1.486730019484488
vgg19_bn,vgg19_bn,51,features.51,0.0621857523447207,-0.20373752600355183,0.34958830921031075,0.9583620114254261,0.9068704710887543,0.07533840121397337
vgg19_bn,vgg19_bn,52,features.52,-0.016027581453994803,-0.2584302390471253,0.28211804622441655,0.9617405809127939,0.9152693012922415,0.001367977296212487
vgg19_bn,vgg19_bn,53,avgpool,-0.016027581453994803,-0.2584302390471253,0.28211804622441655,0.9617405809127939,0.9152693012922415,0.001367977296212487
vgg19_bn,vgg19_bn,54,classifier.0,0.018027597153066625,-0.30899017231051173,0.23496741820688513,0.9641975453228313,0.91197799195306,0.027197440754450943
vgg19_bn,vgg19_bn,55,classifier.1,-0.18610027103751714,-0.42878718891266243,0.10645201334916643,0.9649060591051051,0.896307412060498,-0.2027793375090484
vgg19_bn,vgg19_bn,56,classifier.3,0.12607358643847755,-0.24259528119906232,0.4032655398628287,0.9527628176056062,0.900490984283081,0.09205996804942657
vgg19_bn,vgg19_bn,57,classifier.4,-0.43609176705964475,-0.6197458212355351,-0.17684974584623697,0.9622253001413388,0.8687824768810508,-0.3909523329891101
vgg19_bn,vgg19_bn,58,classifier.6,-0.26911318575195153,-0.5056190114050136,0.20185442649783714,0.932822717909353,0.8789348102832384,-0.2391726324628285
vgg19_bn,vgg19_bn,59,logits,-0.26911318575195153,-0.5056190114050136,0.20185442649783714,0.932822717909353,0.8789348102832384,-0.2391726324628285
vgg19_bn,vgg19_bn,60,prob,-0.26827245551956785,-0.5334121469215924,-0.13543808544378463,0.9606627198967659,0.8499704174471991,-0.2623545348360432
alexnet,alexnet,0,features.0,0.9165916921786346,0.8371754990720093,0.9994469085261399,0.9864763150718884,0.7581687738396782,0.9997554968873026
alexnet,alexnet,1,features.1,1.2667165630701616,1.2524335276830845,1.2811346766803788,0.9998218480072151,0.6419402163555746,1.2093154093560594
alexnet,alexnet,2,features.2,1.2370576097022203,1.218945656741636,1.2553836912216243,0.9997450009103952,0.6507967162171431,1.233182306110841
alexnet,alexnet,3,features.3,1.2088086002222869,1.1746182469416704,1.2437730719690006,0.9994995795296215,0.6727512786021876,1.1566988039528767
alexnet,alexnet,4,features.4,0.8419584742207085,0.8060821269417796,0.8784593401221023,0.9977311552517556,0.8047402177395073,0.7894207668821182
alexnet,alexnet,5,features.5,0.876970763731812,0.8525966688497875,0.9018484501884945,0.9980972235568966,0.7653635083820336,0.8351411418265857
alexnet,alexnet,6,features.6,1.054879656570649,1.0267421508402275,1.0871152750526984,0.9985449885400438,0.700667671423297,1.024021605761526
alexnet,alexnet,7,features.7,0.807164001888437,0.7331388139827829,0.835204420489467,0.9968971193865925,0.8250684483894325,0.7765587969341765
alexnet,alexnet,8,features.8,0.9671458271494291,0.9052290541689576,1.020711431828341,0.994096470571145,0.7379345704584166,0.9410923444388104
alexnet,alexnet,9,features.9,0.580268724426142,0.4616802155571028,0.7341891955284946,0.9921897261532125,0.8787508308455001,0.5812877284536795
alexnet,alexnet,10,features.10,0.8515749408352208,0.8050300352791656,0.901605781796426,0.990460837183404,0.7618984229145793,0.8459575292146976
alexnet,alexnet,11,features.11,0.4139815214508866,0.2933833057605529,0.5429211134442351,0.9858110264133573,0.910858084623507,0.40629391551418975
alexnet,alexnet,12,features.12,0.4604351362774987,0.3518429214656632,0.5762067451240807,0.9886541538644881,0.9056314183362462,0.45457381694280796
alexnet,alexnet,13,avgpool,0.4604351362774987,0.3518429214656632,0.5762067451240807,0.9886541538644881,0.9056314183362462,0.45457381694280796
alexnet,alexnet,14,classifier.1,0.5815396954201897,0.5055899111358618,0.661325007778551,0.9951394813925782,0.8669374900453717,0.5556128001641518
alexnet,alexnet,15,classifier.2,0.4500968788006067,0.3303267430310208,0.5783217421041331,0.9878500234210572,0.8999329591085499,0.42055458705563925
alexnet,alexnet,16,classifier.4,0.8035325981646286,0.6747416852245001,0.9222907580082944,0.9925635639280633,0.7829607241653551,0.7754433571153516
alexnet,alexnet,17,classifier.5,0.1327853792774965,-0.017412687759436222,0.2635134283989595,0.9824400349157396,0.9422062287708597,0.11965094452758508
alexnet,alexnet,18,classifier.6,0.2596653421124008,0.10935680129762018,0.42001160380496116,0.9710461481709655,0.9317610492052368,0.21210969161292592
alexnet,alexnet,19,logits,0.2596653421124008,0.10935680129762018,0.42001160380496116,0.9710461481709655,0.9317610492052368,0.21210969161292592
alexnet,alexnet,20,prob,0.05319192506237756,-0.04305966787117234,0.15772313285276962,0.9847666962951515,0.9625072765762551,-0.042087745500615725
resnet50,resnet50,0,conv1,0.9226070846697516,0.8391846727570688,1.0121499567130967,0.985197295298303,0.7551245454160079,0.999016702128054
resnet50,resnet50,1,bn1,0.9220251941442339,0.8386855294251789,1.0121839121585334,0.9851996815861074,0.7550083923832644,0.9995082774312288
resnet50,resnet50,2,relu,1.7014733623852338,1.6503246649756393,1.7346345041529914,0.9991899324718498,0.5765523821678413,0.9491832423424591
resnet50,resnet50,3,maxpool,1.203651079972052,1.1770801257040904,1.2307181849128714,0.9997923986643569,0.663675460980214,1.0845010795280698
resnet50,resnet50,4,layer1.0.conv1,1.154351584547683,1.129718250717706,1.1794059399834445,0.9996472036836684,0.6790127028303371,1.0801132400491151
resnet50,resnet50,5,layer1.0.bn1,1.1551810230235928,1.1287850017725667,1.182064949502937,0.9995658966066716,0.675180316216091,1.0711666155587314
resnet50,resnet50,6,layer1.0.relu,1.0342807330307506,0.9516545024866032,1.1227817834813265,0.9965108756383865,0.720452286670105,0.8713750926069395
resnet50,resnet50,7,layer1.0.conv2,0.9315870013751805,0.8462496768820952,1.0026300221210818,0.9969771750240746,0.7732228267482979,0.9477625377670482
resnet50,resnet50,8,layer1.0.bn2,0.894005509476211,0.8160290207316029,0.9661559610467777,0.9960005286437948,0.7851871680809133,0.9142315215830361
resnet50,resnet50,9,layer1.0.relu@2,0.8698154811251216,0.7599826684144835,0.9884148261934802,0.9930463970165475,0.7833969925388274,0.7785661065214391
resnet50,resnet50,10,layer1.0.conv3,0.9634702763137521,0.8269052410648229,1.1653323024043203,0.9939608834321799,0.7574418307528631,0.9046240279997666
resnet50,resnet50,11,layer1.0.bn3,0.9524511907983654,0.8317286124778723,1.1275876687430906,0.9947962191929622,0.7569950232488099,0.8990077874642898
resnet50,resnet50,12,layer1.0.downsample.0,1.1808338468676756,1.1495925201975898,1.2127727239113413,0.9994368536625445,0.6728624943941234,1.0483218528497837
resnet50,resnet50,13,layer1.0.downsample.1,1.209301528648977,1.1709895223997155,1.2486489941667365,0.9993977599572983,0.665899325762005,1.0488359139893975
resnet50,resnet50,14,layer1.0.relu@3,0.9010048431319009,0.8155442068398218,1.0185161799775417,0.9966181963291644,0.7550449271308308,0.6950613687203846
resnet50,resnet50,15,layer1.1.conv1,0.5759888979344532,0.4616134475291566,0.7210969139692359,0.9943395780578353,0.8450040618632217,0.5848032422876941
resnet50,resnet50,16,layer1.1.bn1,0.5692842743184816,0.45162761278550595,0.7040514191017369,0.9938634977527098,0.843874742686421,0.5863874658063142
resnet50,resnet50,17,layer1.1.relu,0.7524874809279798,0.5907626169415985,1.020340460690734,0.9877421434818418,0.8297968022150205,0.4969829517361281
resnet50,resnet50,18,layer1.1.conv2,0.7266050125285136,0.6164673573636439,0.8464233234663157,0.9920232824771953,0.8353399133629617,0.6436683863958957
resnet50,resnet50,19,layer1.1.bn2,0.7112450179093495,0.6056144467961845,0.8258178886000851,0.9916964117277158,0.8374906707918697,0.6436094808110503
resnet50,resnet50,20,layer1.1.relu@2,0.8908890834439966,0.6609835166356696,1.0246631232445238,0.9798807054361918,0.8178415746473836,0.6444592398268167
resnet50,resnet50,21,layer1.1.conv3,0.8517885658687103,0.7971054051201315,1.2684035212050961,0.9748144928508751,0.7607635215070387,0.6940274021240569
resnet50,resnet50,22,layer1.1.bn3,0.8276127205446635,0.7798548758802539,1.1460033172665574,0.9766744846687158,0.770657587193746,0.6562851551424356
resnet50,resnet50,23,layer1.1.relu@3,1.033140895796591,0.8259692197528702,1.1313033061636402,0.9881490093377181,0.771874548548897,0.6838136763686982
resnet50,resnet50,24,layer1.2.conv1,0.8813524055021003,0.8004227525130683,0.9241733255302956,0.991020634884752,0.7724535017061146,0.5791855808616475
resnet50,resnet50,25,layer1.2.bn1,0.8945063022875538,0.8498615182130399,0.9737774782639592,0.9913412618821269,0.7588689159924248,0.5940935383854005
resnet50,resnet50,26,layer1.2.relu,0.794698089146287,0.6928106423617473,0.895738601320461,0.9933300513826875,0.8182830212355783,0.49778313360461823
resnet50,resnet50,27,layer1.2.conv2,0.5608738711212495,0.47180495596277205,0.6554357870235491,0.9939646399977762,0.8750751264375812,0.5333463783978598
resnet50,resnet50,28,layer1.2.bn2,0.5792597595003826,0.48749406337758655,0.6771093273251939,0.9941756205439045,0.872470532996427,0.5421651486425277
resnet50,resnet50,29,layer1.2.relu@2,0.5801988013415866,0.4612102263293244,0.7264809732024178,0.9794793813029283,0.8545227377959508,0.45430984593766344
resnet50,resnet50,30,layer1.2.conv3,0.7285008527636427,0.4262557029192369,1.019281079423819,0.978944556376738,0.8239303428062307,0.5682272972125872
resnet50,resnet50,31,layer1.2.bn3,0.873073250031264,0.4967299442982773,1.0186084031791127,0.9782539115822564,0.8099195168394491,0.6247879682147215
resnet50,resnet50,32,layer1.2.relu@3,0.997685496815087,0.7619026828668546,1.1023619893642809,0.9864120053372831,0.7862333008496813,0.6749108820981652
resnet50,resnet50,33,layer2.0.conv1,0.7525841884818181,0.6451307071937439,1.191440248561602,0.9697381835541314,0.7791662983030901,0.5882053897598974
resnet50,resnet50,34,layer2.0.bn1,0.8005415731649754,0.648169292805192,1.2053111937506327,0.9699882068368543,0.7701441648138775,0.5950479721330779
resnet50,resnet50,35,layer2.0.relu,0.4994577271718655,0.4190878777645975,0.5837918699235399,0.9899452164475795,0.8887065570717454,0.3469367972687124
resnet50,resnet50,36,layer2.0.conv2,0.4375522884003754,0.31587143820238367,0.5693410009760806,0.9892273226426815,0.8993055087682943,0.33008496548641075
resnet50,resnet50,37,layer2.0.bn2,0.4578526067438924,0.3383783515883999,0.5819067950588594,0.9896540060717998,0.8971432957798968,0.33490253446046003
resnet50,resnet50,38,layer2.0.relu@2,0.19019241474266393,0.05469675888885968,0.3335419047152586,0.9848676232798603,0.9273490695895965,0.1463585216070374
resnet50,resnet50,39,layer2.0.conv3,0.19677989074694058,0.049299848605489804,0.35355051718747904,0.9805428540697704,0.9170427208861472,0.18334684909732393
resnet50,resnet50,40,layer2.0.bn3,0.2379588644561182,0.08067679955433135,0.4076527598152541,0.9801600661994228,0.9159831987068384,0.2105060003531576
resnet50,resnet50,41,layer2.0.downsample.0,1.008409856190448,0.8365789631057716,1.167840664819557,0.9902266096114778,0.7706835829439466,0.7830909808368377
resnet50,resnet50,42,layer2.0.downsample.1,1.0236961035666106,0.846290503131989,1.1818954839456723,0.9907443897132919,0.7667034015536086,0.8177127475471844
resnet50,resnet50,43,layer2.0.relu@3,0.500114732740925,0.37334917346075,0.6747156648888667,0.9872947401098306,0.878797414454566,0.43597498116474376
resnet50,resnet50,44,layer2.1.conv1,0.7999195037605049,0.5954743843955653,1.0701925966482368,0.9850491132580035,0.816488166597229,0.7808032952544979
resnet50,resnet50,45,layer2.1.bn1,0.7980669571997031,0.579344761091018,1.0599292425143656,0.9835611019364634,0.820656486936746,0.7536502188743419
resnet50,resnet50,46,layer2.1.relu,1.0616868706274345,0.8343842419569404,1.3539461026074524,0.9823486580179133,0.7496236671975393,1.0547294686457653
resnet50,resnet50,47,layer2.1.conv2,1.1981385876977568,0.9596711061753324,1.4183900816745187,0.9867685814369933,0.7194190312382368,1.1748861169289415
resnet50,resnet50,48,layer2.1.bn2,1.2107763329254428,0.989641118773306,1.4246904550360826,0.9871767264087892,0.7160402008819187,1.1878161178761002
resnet50,resnet50,49,layer2.1.relu@2,1.093749912721773,0.9097845369901641,1.305790851936085,0.9845102494582043,0.7242338181951063,1.0741717484638298
resnet50,resnet50,50,layer2.1.conv3,1.028573645906035,0.8327762131263464,1.2640760220313771,0.9830177036060023,0.6990980751240519,0.9929026454759904
resnet50,resnet50,51,layer2.1.bn3,1.0500571261097726,0.8522387553964138,1.286731182560386,0.9826045314349445,0.6963380879384886,1.010969293837265
resnet50,resnet50,52,layer2.1.relu@3,0.5078118671591845,0.3740587457867579,0.6787056865294009,0.987743949613546,0.8853552760368082,0.4541085105405982
resnet50,resnet50,53,layer2.2.conv1,0.43645556208750397,0.32323587172614565,0.5780171273287245,0.98873503540328,0.9005892089815957,0.4144684369539225
resnet50,resnet50,54,layer2.2.bn1,0.44686639566039,0.32295872118590746,0.5896666471288251,0.986919457620768,0.8998365989698203,0.42692068928460114
resnet50,resnet50,55,layer2.2.relu,0.3808695146254891,0.25382877535791115,0.5091360253966439,0.9887875828450902,0.9198776984111553,0.31068187755506693
resnet50,resnet50,56,layer2.2.conv2,0.30468234232740976,0.10876828523083582,0.45764822981267067,0.9776183830107337,0.9197555912926014,0.2771629112642654
resnet50,resnet50,57,layer2.2.bn2,0.3270963497486303,0.1229287868179683,0.4638729591461619,0.9763647251364058,0.9154195856025478,0.2841792529756376
resnet50,resnet50,58,layer2.2.relu@2,0.18367169412825798,0.0253161188289356,0.36552602647531224,0.9814649976304991,0.9402954173625206,0.1373949292646909
resnet50,resnet50,59,layer2.2.conv3,0.33596246054378365,0.26195419321247604,0.4128699734200657,0.9895983568619352,0.9283502872226435,0.14349040205409444
resnet50,resnet50,60,layer2.2.bn3,0.33376367382785743,0.2586780870314124,0.41182342506297714,0.9891413476083029,0.9275541987806528,0.14275642436854888
resnet50,resnet50,61,layer2.2.relu@3,0.37979449358284845,0.22759845494862513,0.47968911244135126,0.9835443093033006,0.9167022503728677,0.2853149909042411
resnet50,resnet50,62,layer2.3.conv1,0.3443346194009849,0.2858271518191885,0.5524242550651557,0.9867963798064174,0.9025255430611006,0.19010910188886843
resnet50,resnet50,63,layer2.3.bn1,0.35842388300819816,0.28755550808818053,0.5721107454790869,0.9867703996827094,0.8999374193915202,0.20167405673725866
resnet50,resnet50,64,layer2.3.relu,0.2659853552503184,0.1971281189137013,0.3372897484995705,0.988428128261858,0.9346150820083174,0.028316525176587514
resnet50,resnet50,65,layer2.3.conv2,0.21933814904880275,0.144670366849432,0.2966746484742864,0.9896396283380395,0.9479357650866969,0.00909254364505898
resnet50,resnet50,66,layer2.3.bn2,0.22581423594331745,0.15241737033777275,0.30181308892324765,0.9894053621988519,0.9479152368598733,0.008952289382071116
resnet50,resnet50,67,layer2.3.relu@2,0.008771820751895431,-0.12787830081817778,0.1491077809035553,0.9875555813874504,0.9566062757514391,-0.050557664498859206
resnet50,resnet50,68,layer2.3.conv3,0.10054456718863064,-0.0037490919890864546,0.23843693188511159,0.9826787754042352,0.9385088487116049,0.0716494871420359
resnet50,resnet50,69,layer2.3.bn3,0.10112306768779672,0.0010325244157500454,0.24067375505599892,0.9828155400013414,0.9391522781685836,0.0646895584485839
resnet50,resnet50,70,layer2.3.relu@3,0.25761530373770025,0.1457984330247148,0.44915391125325704,0.9830835079827431,0.9292474079152528,0.2008898186400319
resnet50,resnet50,71,layer3.0.conv1,0.45953327458770066,0.240465142349165,0.7204912800154872,0.9802732641711792,0.8877075181205648,0.3439875739347633
resnet50,resnet50,72,layer3.0.bn1,0.4685635415159731,0.24321506350182623,0.7300296403266647,0.9800699841368448,0.8863070931066228,0.35959298675613904
resnet50,resnet50,73,layer3.0.relu,-0.14163463017149042,-0.4736450108338505,-0.036245112963168374,0.9453231143987708,0.8714715795118564,-0.16102293504529203
resnet50,resnet50,74,layer3.0.conv2,-0.3049498340032945,-0.4472293508025215,-0.11671101656851118,0.9425165139286031,0.8634523648096443,-0.25177321338881814
resnet50,resnet50,75,layer3.0.bn2,-0.303123922209981,-0.43980280742930505,-0.12499541684644748,0.9438422040526824,0.8675180064563947,-0.2435924356104909
resnet50,resnet50,76,layer3.0.relu@2,-0.5064508499115399,-0.7485717140708704,-0.24482902370229964,0.9524787998876129,0.8310620003250623,-0.47511809440508723
resnet50,resnet50,77,layer3.0.conv3,-0.290337610078626,-0.5111524875641771,-0.16736323416139776,0.9466861126200543,0.8433977067176353,-0.28025249819192144
resnet50,resnet50,78,layer3.0.bn3,-0.2846933693863263,-0.4922505614743443,-0.15510351266178482,0.9462864358437122,0.8457901429706393,-0.2732080426604226
resnet50,resnet50,79,layer3.0.downsample.0,0.4753820544124146,0.3017692397769528,0.6100883092716005,0.9856331911944612,0.9072831773579674,0.4184330150391854
resnet50,resnet50,80,layer3.0.downsample.1,0.48030536083490305,0.3048626145108729,0.6154302728655209,0.9852889812775016,0.9069257046888632,0.4349651622336471
resnet50,resnet50,81,layer3.0.relu@3,0.027538743903495425,-0.15108779328321786,0.2876168616162713,0.9640025715907754,0.9379463428282406,0.015107613931615721
resnet50,resnet50,82,layer3.1.conv1,0.08070525881073665,-0.08868447223948996,0.3432516742512919,0.9618243016696709,0.9336796941475576,0.0842232252794195
resnet50,resnet50,83,layer3.1.bn1,0.06999012083156202,-0.08710866135422714,0.33595721130371037,0.9613305052025098,0.9322233612876336,0.07751188375054299
resnet50,resnet50,84,layer3.1.relu,-0.014074091626696435,-0.18603238524720075,0.19297017325777205,0.9642815019468565,0.9446981109935201,-0.012403632990048659
resnet50,resnet50,85,layer3.1.conv2,-0.11131125862953417,-0.2860420752379204,0.03236398843024049,0.9704056635083353,0.9023796397724851,-0.07681920617256197
resnet50,resnet50,86,layer3.1.bn2,-0.1209802440118238,-0.2990417141737865,0.01973154622889968,0.9702120974906816,0.9011763906555901,-0.08590716399773542
resnet50,resnet50,87,layer3.1.relu@2,-0.108192802702539,-0.2705623874718862,0.043233567440446645,0.9690646490996979,0.9006211698027076,-0.1001069026450435
resnet50,resnet50,88,layer3.1.conv3,-0.09143265906545538,-0.24856404427280987,0.2045684252150524,0.952036373696953,0.8874096234106922,-0.06210936576973725
resnet50,resnet50,89,layer3.1.bn3,-0.0968897424889365,-0.2632499280325117,0.20918591781232626,0.9505473514775945,0.8867439748896325,-0.0649533762459197
resnet50,resnet50,90,layer3.1.relu@3,-0.13761189596052478,-0.28298375670520654,-0.038794552880255864,0.9785943127849316,0.9465973548518756,-0.11559254183185673
resnet50,resnet50,91,layer3.2.conv1,-0.1914513331971238,-0.32737000212337897,-0.0549570537115906,0.9815504830015929,0.9349080191607642,-0.15564678963692266
resnet50,resnet50,92,layer3.2.bn1,-0.17467857554965613,-0.3073284282781174,-0.04094021097702839,0.9819364602696108,0.936202065118244,-0.1442629804700715
resnet50,resnet50,93,layer3.2.relu,-0.22365826328561278,-0.3108137381825418,-0.12693133460042128,0.987871274026469,0.9476126145656871,-0.22341999322351902
resnet50,resnet50,94,layer3.2.conv2,-0.20112394137939876,-0.2875396670631581,-0.11672636080171366,0.9896256667163651,0.9472135015683909,-0.19732293055726752
resnet50,resnet50,95,layer3.2.bn2,-0.20176221830762756,-0.2911424651607346,-0.11679861719085137,0.9895082693717813,0.9469483556106776,-0.20161299833237417
resnet50,resnet50,96,layer3.2.relu@2,-0.33048496934957433,-0.4633369628081133,-0.1852046811036539,0.9789743583396562,0.9181946522472252,-0.31338238070355456
resnet50,resnet50,97,layer3.2.conv3,-0.24681054060011196,-0.4034338334494859,-0.03911332201368377,0.972742755097207,0.9294721052012572,-0.20365659975233763
resnet50,resnet50,98,layer3.2.bn3,-0.25842818183492455,-0.41151385307933785,-0.055148411382398815,0.9723922216443239,0.9266449119403933,-0.21469031418710544
resnet50,resnet50,99,layer3.2.relu@3,-0.1804281867020907,-0.3334618088755812,-0.045995478016283994,0.9770570638155167,0.9402437471856009,-0.16622908145459744
resnet50,resnet50,100,layer3.3.conv1,-0.18158522475474795,-0.2931441393048485,-0.06916108962857043,0.9862131407011814,0.9419055679568819,-0.1515045949687829
resnet50,resnet50,101,layer3.3.bn1,-0.1697460811303251,-0.27781044307321745,-0.060722417932524544,0.9865960446705906,0.9429536466239773,-0.14283635095106142
resnet50,resnet50,102,layer3.3.relu,-0.3898803810788273,-0.4856290418699324,-0.29684836321165486,0.9883605868156121,0.9123588710359944,-0.35749494461089426
resnet50,resnet50,103,layer3.3.conv2,-0.3823112616683068,-0.4531367967911749,-0.314068418980178,0.9883600414458596,0.9106349591959806,-0.3335935730607633
resnet50,resnet50,104,layer3.3.bn2,-0.39192494249079934,-0.4629054306339566,-0.3236902416702185,0.9883058809189905,0.9089711681351083,-0.34080327786828035
resnet50,resnet50,105,layer3.3.relu@2,-0.41706347965573765,-0.5182381738742665,-0.3198697611791146,0.9863098410494204,0.8952471657240275,-0.3857161522994076
resnet50,resnet50,106,layer3.3.conv3,-0.36638097957332233,-0.44657804830716596,-0.276535327179824,0.9862107028162608,0.9129111884919721,-0.3298715724084348
resnet50,resnet50,107,layer3.3.bn3,-0.37618486341898305,-0.45814624483744515,-0.2851570786823689,0.9859720282376203,0.9102292635079064,-0.3379823465914302
resnet50,resnet50,108,layer3.3.relu@3,-0.3039777431425381,-0.4319031470562319,-0.17737646817047698,0.9799772844440164,0.9208898353768264,-0.2687111762201472
resnet50,resnet50,109,layer3.4.conv1,-0.2647379281751338,-0.3908881724479635,-0.13939850644807414,0.9812519846820575,0.9240224507566767,-0.22036813779490602
resnet50,resnet50,110,layer3.4.bn1,-0.24826657404575253,-0.3715352041510395,-0.12540781919177907,0.9817052194454854,0.92749211102321,-0.20621513012701376
resnet50,resnet50,111,layer3.4.relu,-0.4782469972689002,-0.5824662491380672,-0.37820655394390507,0.9865915127369218,0.8557782849865947,-0.44373909675343504
resnet50,resnet50,112,layer3.4.conv2,-0.5134257742658147,-0.6410328166830229,-0.39262336109207124,0.9826379695045748,0.8355071721190312,-0.45868775923852634
resnet50,resnet50,113,layer3.4.bn2,-0.516479090287793,-0.6478698990619634,-0.39227075426479424,0.9818691982058539,0.8327355855935028,-0.46075869451087326
resnet50,resnet50,114,layer3.4.relu@2,-0.5050821425517903,-0.6270290354184722,-0.38908247695300807,0.9831420696256941,0.8345602769718934,-0.47387945808272647
resnet50,resnet50,115,layer3.4.conv3,-0.5296602124264872,-0.6684747864816319,-0.3988027213640049,0.975605958741455,0.818053962151438,-0.47967567039379533
resnet50,resnet50,116,layer3.4.bn3,-0.5426626081610848,-0.6748240122529118,-0.4179991455027662,0.9770411190981958,0.8169517747627784,-0.49332916146693656
resnet50,resnet50,117,layer3.4.relu@3,-0.3699372445699224,-0.5221331203709629,-0.19940272313531013,0.9743208065706823,0.9065547223055754,-0.3271146699187744
resnet50,resnet50,118,layer3.5.conv1,-0.2075540171862092,-0.329894654278607,-0.0856282787579183,0.980960178589269,0.9306500101426329,-0.1900094227443443
resnet50,resnet50,119,layer3.5.bn1,-0.19011490733450123,-0.31455057450597046,-0.06599417848802276,0.980630504730561,0.930707819178127,-0.17968492337844685
resnet50,resnet50,120,layer3.5.relu,-0.47670507948033947,-0.5593601032656378,-0.3969203167925119,0.9888180015628129,0.8508401094919974,-0.45199180076320833
resnet50,resnet50,121,layer3.5.conv2,-0.5052281868259922,-0.6071608706942958,-0.4086332410180471,0.9856084001159179,0.8425071683729666,-0.45659386340695807
resnet50,resnet50,122,layer3.5.bn2,-0.5162861906231049,-0.6215020095855943,-0.4166370310630415,0.9849610500548887,0.8381660711675569,-0.4676792658001573
resnet50,resnet50,123,layer3.5.relu@2,-0.42137986129273813,-0.5391029202301192,-0.30799386032801135,0.983342584150231,0.8666951900564077,-0.3726753930023401
resnet50,resnet50,124,layer3.5.conv3,-0.40908565028835453,-0.5324168898870921,-0.29059296886500574,0.9799429560875266,0.8507643756472774,-0.3591558438501703
resnet50,resnet50,125,layer3.5.bn3,-0.4274526464180072,-0.5424555319139396,-0.317077686306723,0.9813125059408044,0.8492721877255851,-0.3754880085462509
resnet50,resnet50,126,layer3.5.relu@3,-0.2842231774717638,-0.413711227097448,-0.09426821740198496,0.9746971056076971,0.9236594805673877,-0.27748259485682286
resnet50,resnet50,127,layer4.0.conv1,-0.07550274041279242,-0.16476880227755436,0.04448286468250161,0.9815715152537763,0.9532548617477667,-0.07988701168335836
resnet50,resnet50,128,layer4.0.bn1,-0.07740941181487959,-0.1668913722985605,0.04352788957025083,0.981644759932218,0.9533174101839301,-0.08051374796910135
resnet50,resnet50,129,layer4.0.relu,-0.4993973483102932,-0.5824181577077029,-0.40521807539657406,0.9886062223738314,0.8887164871799191,-0.46618058673053714
resnet50,resnet50,130,layer4.0.conv2,-0.2138276196271116,-0.528623152587103,0.07677979949514405,0.9484487273007701,0.9094100805015966,-0.07462136699214929
resnet50,resnet50,131,layer4.0.bn2,-0.2097704487370357,-0.5415452236339505,0.08016189243433855,0.9465837765609735,0.9077633759264161,-0.06183544107007388
resnet50,resnet50,132,layer4.0.relu@2,-0.7576196971383018,-0.9342308110518764,-0.48226261608208665,0.9753319511645645,0.8252498250864375,-0.6502515684268879
resnet50,resnet50,133,layer4.0.conv3,-0.7469638123777269,-0.9660688826025643,-0.4386302062306512,0.9659923325737428,0.8152382228253389,-0.5357304034993475
resnet50,resnet50,134,layer4.0.bn3,-0.7431194539715864,-0.9774745235659033,-0.4246328324957726,0.9643041567413826,0.8143427741216933,-0.5287002191106117
resnet50,resnet50,135,layer4.0.downsample.0,-0.15669552605496231,-0.36239254714233077,0.04240692451719766,0.9628989786094074,0.927554243086927,-0.154516164539084
resnet50,resnet50,136,layer4.0.downsample.1,-0.1554891378715103,-0.36491189459363793,0.048409577094702456,0.9618495850278708,0.926122088689147,-0.15374611379946282
resnet50,resnet50,137,layer4.0.relu@3,-0.20056760912869226,-0.5392476500166725,0.05193421482359642,0.9512239295741673,0.9023790125273484,-0.1868531295059406
resnet50,resnet50,138,layer4.1.conv1,0.021545607270404714,-0.2827652611195379,0.4355390101700491,0.9464384900236109,0.9177681316602797,0.1266960430483349
resnet50,resnet50,139,layer4.1.bn1,0.04512566406292608,-0.2752473632811072,0.4595756373881891,0.944335201403589,0.9144916275980253,0.14747387315597946
resnet50,resnet50,140,layer4.1.relu,-0.563574311636281,-0.8230113207309709,-0.34840498478319526,0.9687130211745975,0.858539725171849,-0.5267494656801508
resnet50,resnet50,141,layer4.1.conv2,-0.5835361906367299,-0.903503188118854,-0.3150401399467597,0.9624893356751921,0.8638943577013529,-0.48389618304510773
resnet50,resnet50,142,layer4.1.bn2,-0.5871657992548709,-0.9140288393832259,-0.311234942769517,0.9615187821895097,0.8625617159571973,-0.48652956651265045
resnet50,resnet50,143,layer4.1.relu@2,-1.0684978572234085,-1.287763619817029,-0.8821136438363758,0.9784091114947862,0.6814654660583581,-1.0546259046976412
resnet50,resnet50,144,layer4.1.conv3,-1.081572614624326,-1.2676379193086738,-0.840256052896695,0.979830446861137,0.7189353019761537,-0.95199792415061
resnet50,resnet50,145,layer4.1.bn3,-1.0769356216024468,-1.2619459243504692,-0.8358789121155018,0.9794554480189546,0.7173464791490665,-0.9567261059618926
resnet50,resnet50,146,layer4.1.relu@3,-0.3253577791155454,-0.6249336858880402,-0.10978961313464165,0.9519621450432639,0.8852477950532007,-0.3269681890430517
resnet50,resnet50,147,layer4.2.conv1,-0.38896172039889687,-0.5344336027975087,-0.20566462023961044,0.9764215643251652,0.9028847752157605,-0.2588916122905476
resnet50,resnet50,148,layer4.2.bn1,-0.38382856900942086,-0.5267007180490164,-0.20024875434791012,0.9766541599653262,0.9032785613034229,-0.25240896551152514
resnet50,resnet50,149,layer4.2.relu,-0.23500515054758214,-0.38488906785105015,-0.08810682110064112,0.9805950231025078,0.920731617442826,-0.21493753847183417
resnet50,resnet50,150,layer4.2.conv2,-0.2619215891071789,-0.46853429682930026,-0.059729596151074954,0.9754343470833436,0.8956394822444453,-0.12909101910367857
resnet50,resnet50,151,layer4.2.bn2,-0.27899407375884744,-0.4780064998986824,-0.08517123668608545,0.9766252410530261,0.893800389345498,-0.13376783316277407
resnet50,resnet50,152,layer4.2.relu@2,0.057532453033849844,-0.12006123462412577,0.24964381709452843,0.9719514468184977,0.9176878391677467,0.05648199491892902
resnet50,resnet50,153,layer4.2.conv3,0.11954250734555386,-0.028384808563827635,0.22773010352492973,0.9739522401785418,0.9287740452832878,0.10034871842809515
resnet50,resnet50,154,layer4.2.bn3,0.12182166387666082,-0.025659923729519293,0.23026295254121143,0.9739801576071356,0.9288695767288673,0.10220371622379684
resnet50,resnet50,155,layer4.2.relu@3,0.28625731449234487,0.12340697320914472,0.4305874133728746,0.9779733568791451,0.9136818400058048,0.2827368018075826
resnet50,resnet50,156,avgpool,0.3493085519399063,0.1849238972288428,0.48515108242292154,0.979204512846633,0.9043219335417456,0.309447981101475
resnet50,resnet50,157,fc,0.0432463547134838,-0.13493004239948264,0.20997753596202,0.9540271389040642,0.9263554335440879,0.08759390398243883
resnet50,resnet50,158,logits,0.0432463547134838,-0.13493004239948264,0.20997753596202,0.9540271389040642,0.9263554335440879,0.08759390398243883
resnet50,resnet50,159,prob,-0.2227195471542768,-0.36854520421370024,-0.07912380159918393,0.9684576918335963,0.9238029005841435,-0.22703004014869077
vit_b_16,vit_b_16,0,conv_proj,0.9264751691119161,0.8520757029048501,1.0141746427523741,0.9866873265520054,0.7567503145119603,0.9992298614051491
vit_b_16,vit_b_16,1,encoder.layers.encoder_layer_0.ln_1,0.505173799491624,0.341399341346317,0.6847115210024172,0.9783383642212312,0.8228069893367891,0.23190825491274092
vit_b_16,vit_b_16,2,encoder.layers.encoder_layer_0.ln_2,0.299229162078873,0.1158096940555303,0.4977208938532373,0.9668887552252777,0.9047696513632263,0.2112193030373939
vit_b_16,vit_b_16,3,encoder.layers.encoder_layer_0.mlp.0,0.343477559105253,0.21937556095793015,0.5663954272207047,0.9662377427679685,0.9011264443701901,0.30071844626832717
vit_b_16,vit_b_16,4,encoder.layers.encoder_layer_0.mlp.1,0.27779167803306504,0.09106425293191577,0.5463064148246394,0.9590453757481154,0.9116022181509833,0.31506942614160544
vit_b_16,vit_b_16,5,encoder.layers.encoder_layer_0.mlp.3,0.4233538307182943,0.27123362036341014,0.5703766506327901,0.9803942900470657,0.9189086327474507,0.4410926460901956
vit_b_16,vit_b_16,6,encoder.layers.encoder_layer_1.ln_1,0.2618584904318251,0.09431580786361418,0.44091139995039574,0.9670641610436002,0.8870195287639947,0.14402401607059906
vit_b_16,vit_b_16,7,encoder.layers.encoder_layer_1.ln_2,0.14801634883216483,-0.024356555645066308,0.32907104086730343,0.9726793189468199,0.8539375082556109,0.13689582661476185
vit_b_16,vit_b_16,8,encoder.layers.encoder_layer_1.mlp.0,-0.02013625474683946,-0.20875614161852363,0.20494607633970713,0.9726530802787433,0.9072785176058774,-0.0015843107460515801
vit_b_16,vit_b_16,9,encoder.layers.encoder_layer_1.mlp.1,-0.0032698953719417084,-0.1762339181660778,0.1929846628639752,0.9766253562964939,0.9015184047080171,0.0027257987559266826
vit_b_16,vit_b_16,10,encoder.layers.encoder_layer_1.mlp.3,-0.06599807864922283,-0.20613387987104043,0.0762510928617031,0.9839281237431599,0.9193448729995143,-0.053971709095139944
vit_b_16,vit_b_16,11,encoder.layers.encoder_layer_2.ln_1,-0.06393261404172858,-0.16894581113033816,0.04201753684823746,0.9852342241368136,0.8929894456983039,-0.14792165281042371
vit_b_16,vit_b_16,12,encoder.layers.encoder_layer_2.ln_2,0.0022612189597629746,-0.08747514861729963,0.09337910222770104,0.9872881480566251,0.9145353696550753,-0.21441519190656352
vit_b_16,vit_b_16,13,encoder.layers.encoder_layer_2.mlp.0,-0.014367701569215425,-0.18386449503679184,0.1849806090092702,0.9584311282657829,0.9527527195656151,-0.15908168090711436
vit_b_16,vit_b_16,14,encoder.layers.encoder_layer_2.mlp.1,-0.03864881795019724,-0.18993615148274615,0.09576418881972047,0.9587417304039447,0.943569576298108,-0.10105303837657859
vit_b_16,vit_b_16,15,encoder.layers.encoder_layer_2.mlp.3,-0.4518701298160771,-0.7013181559588588,-0.27400432855880874,0.892429420231126,0.7602868263622407,-0.32935002547153097
vit_b_16,vit_b_16,16,encoder.layers.encoder_layer_3.ln_1,-0.2729606432375967,-0.5670393270418232,-0.12054557339768834,0.9589982883629523,0.8906242606736943,-0.4602306263589485
vit_b_16,vit_b_16,17,encoder.layers.encoder_layer_3.ln_2,-0.40236785459977104,-0.6894757493864643,-0.24339733648975603,0.9419502301785505,0.8369845747496945,-0.5576520079308713
vit_b_16,vit_b_16,18,encoder.layers.encoder_layer_3.mlp.0,-0.22192371784510997,-0.38699500731591074,-0.04319423296654921,0.9269865516514182,0.8525414281980119,-0.23746549158330638
vit_b_16,vit_b_16,19,encoder.layers.encoder_layer_3.mlp.1,-0.49397750224015796,-0.634524960375992,-0.37530328434183063,0.9134267290881799,0.7322719486014123,-0.47150145886992684
vit_b_16,vit_b_16,20,encoder.layers.encoder_layer_3.mlp.3,-0.6017434008032082,-0.8498532076445835,-0.28530289772942563,0.8587183289904883,0.6462619654104731,-0.5802563105888282
vit_b_16,vit_b_16,21,encoder.layers.encoder_layer_4.ln_1,-0.4006909756048864,-0.6731420975581803,-0.2908177214258296,0.9554891195085735,0.8421435418041776,-0.4771124182350643
vit_b_16,vit_b_16,22,encoder.layers.encoder_layer_4.ln_2,-0.40770423427325375,-0.6574683276938276,-0.30082540323762474,0.9584714596362924,0.8327121328086822,-0.49484215883222815
vit_b_16,vit_b_16,23,encoder.layers.encoder_layer_4.mlp.0,-0.4504549896790304,-0.6729186674998302,-0.21620278719592997,0.9516047517891317,0.7823804311374,-0.40454774866865373
vit_b_16,vit_b_16,24,encoder.layers.encoder_layer_4.mlp.1,-0.4719282009249406,-0.6890757773790996,-0.28449551041467713,0.9062837329405846,0.6878719761823779,-0.4031943845507262
vit_b_16,vit_b_16,25,encoder.layers.encoder_layer_4.mlp.3,-0.427794076824872,-0.6805838109421444,-0.29734403723010305,0.883291974857102,0.6736766805460378,-0.4387712867199248
vit_b_16,vit_b_16,26,encoder.layers.encoder_layer_5.ln_1,-0.525051014617487,-0.6586041959383799,-0.3239434432181556,0.9426578427345358,0.8087264749083731,-0.49606727289443947
vit_b_16,vit_b_16,27,encoder.layers.encoder_layer_5.ln_2,-0.5639763251736813,-0.6718188514734541,-0.3543783267073945,0.9378731949157442,0.7989269970716066,-0.5099193485174274
vit_b_16,vit_b_16,28,encoder.layers.encoder_layer_5.mlp.0,-0.5903840242633808,-0.7587439382865543,-0.4352634326498429,0.9377993195330061,0.7805763629687976,-0.6110910514912926
vit_b_16,vit_b_16,29,encoder.layers.encoder_layer_5.mlp.1,-0.5763690298620663,-0.9129888017268571,-0.33953037753609294,0.9249488521147714,0.7906826545153511,-0.614050729845171
vit_b_16,vit_b_16,30,encoder.layers.encoder_layer_5.mlp.3,-0.4114974456788141,-0.7324206299982948,-0.25773938989955736,0.9197159911863022,0.7489564978987109,-0.5130260860000213
vit_b_16,vit_b_16,31,encoder.layers.encoder_layer_6.ln_1,-0.48590201977280045,-0.5929139511635644,-0.3343449733183444,0.9404728303064955,0.8086117365721219,-0.4850435790880149
vit_b_16,vit_b_16,32,encoder.layers.encoder_layer_6.ln_2,-0.4200368432635122,-0.5864293460636637,-0.27493656312129344,0.9328861735316076,0.8101085973966746,-0.46955444705192184
vit_b_16,vit_b_16,33,encoder.layers.encoder_layer_6.mlp.0,-0.5134710113879215,-0.8134223206895036,-0.34085216144973,0.9365798631424681,0.7917065772268272,-0.5643634447798207
vit_b_16,vit_b_16,34,encoder.layers.encoder_layer_6.mlp.1,-0.5666541183780536,-0.7561601128025796,-0.2989370078004891,0.9207651316589601,0.7901796497300754,-0.5676464760316382
vit_b_16,vit_b_16,35,encoder.layers.encoder_layer_6.mlp.3,-0.5961112526890838,-0.839731687692617,-0.3861929538032769,0.9136968629674791,0.7543561080899696,-0.6078247646206599
vit_b_16,vit_b_16,36,encoder.layers.encoder_layer_7.ln_1,-0.500773159177341,-0.6409947820307966,-0.259215513839248,0.9372779723650155,0.7914774739546622,-0.49865275757480454
vit_b_16,vit_b_16,37,encoder.layers.encoder_layer_7.ln_2,-0.46095639079913975,-0.6036935908948439,-0.22036880265818584,0.9310801554109666,0.8082223817488019,-0.4754808918331747
vit_b_16,vit_b_16,38,encoder.layers.encoder_layer_7.mlp.0,-0.43085330300589975,-0.6474633729707565,-0.1909375110468331,0.9402108019622755,0.8183354389601221,-0.4985366665557043
vit_b_16,vit_b_16,39,encoder.layers.encoder_layer_7.mlp.1,-0.4959012673356072,-0.6977325691213179,-0.3536399526458583,0.9428154376334106,0.8102729689605153,-0.503479986751983
vit_b_16,vit_b_16,40,encoder.layers.encoder_layer_7.mlp.3,-0.42367809039185433,-0.5751690074745966,-0.17550426695587543,0.9398876968479539,0.8500512623961816,-0.46527070697031975
vit_b_16,vit_b_16,41,encoder.layers.encoder_layer_8.ln_1,-0.48067531433342237,-0.6228442149878939,-0.22941510775827834,0.9451784419951225,0.8094591521288921,-0.49138383801941915
vit_b_16,vit_b_16,42,encoder.layers.encoder_layer_8.ln_2,-0.46692096544778183,-0.606878629717542,-0.21158669806437855,0.9384388590183262,0.8204606695868794,-0.49089735113893124
vit_b_16,vit_b_16,43,encoder.layers.encoder_layer_8.mlp.0,-0.49177639482784313,-0.659969288850223,-0.33443358312811555,0.9405834927102661,0.7734460500373685,-0.541567133517507
vit_b_16,vit_b_16,44,encoder.layers.encoder_layer_8.mlp.1,-0.5183787407206935,-0.6703159995886312,-0.27494120527894467,0.9396882632458403,0.8128168609924213,-0.538085401198433
vit_b_16,vit_b_16,45,encoder.layers.encoder_layer_8.mlp.3,-0.3938365540021162,-0.5562655757889545,-0.10474140432673405,0.9483223042952116,0.8448680307412417,-0.4567323080799487
vit_b_16,vit_b_16,46,encoder.layers.encoder_layer_9.ln_1,-0.4709569376075099,-0.6100621733834644,-0.22069252197097147,0.9459212217993082,0.830107362746933,-0.4863053557676771
vit_b_16,vit_b_16,47,encoder.layers.encoder_layer_9.ln_2,-0.4692739014908245,-0.6184374784039505,-0.22292109890281767,0.9441976697293919,0.8309587061410408,-0.491038916538872
vit_b_16,vit_b_16,48,encoder.layers.encoder_layer_9.mlp.0,-0.48874969227193077,-0.6598681151762184,-0.2983257102450029,0.9383562723282022,0.7928671131500107,-0.5674688960892711
vit_b_16,vit_b_16,49,encoder.layers.encoder_layer_9.mlp.1,-0.5362872492293922,-0.6985524260218279,-0.2574860275218674,0.9403299204794511,0.7947829240685638,-0.5936654059660806
vit_b_16,vit_b_16,50,encoder.layers.encoder_layer_9.mlp.3,-0.3249806679697478,-0.5518382465751281,-0.1775381615334704,0.9615128374058948,0.8891930498896589,-0.36352451443088685
vit_b_16,vit_b_16,51,encoder.layers.encoder_layer_10.ln_1,-0.41690359676699523,-0.6108543798162575,-0.2072115646997742,0.9477406026019316,0.8357275640449024,-0.4975979690375619
vit_b_16,vit_b_16,52,encoder.layers.encoder_layer_10.ln_2,-0.4734743535744753,-0.6356439232752931,-0.22792522276492513,0.942519349306544,0.826472737948479,-0.5115281521009276
vit_b_16,vit_b_16,53,encoder.layers.encoder_layer_10.mlp.0,-0.5306846141264348,-0.6903733284737624,-0.2602615245073029,0.9431026542840973,0.8052097062653663,-0.5788263872713646
vit_b_16,vit_b_16,54,encoder.layers.encoder_layer_10.mlp.1,-0.5335374419644643,-0.7135817522473978,-0.20679269120061958,0.9450094918554355,0.8009447769513449,-0.6166549905389421
vit_b_16,vit_b_16,55,encoder.layers.encoder_layer_10.mlp.3,-0.5683283559926788,-0.8195982517594443,-0.36137463067464615,0.9068521632491842,0.7208677031067965,-0.4993340211158963
vit_b_16,vit_b_16,56,encoder.layers.encoder_layer_11.ln_1,-0.4671983547087738,-0.6223905428996743,-0.23208995531575768,0.9403162896943674,0.8199369435910189,-0.5193645804422368
vit_b_16,vit_b_16,57,encoder.layers.encoder_layer_11.ln_2,-0.4512767085201142,-0.6310612014159289,-0.2984081986843927,0.9444671095310848,0.8047006444029736,-0.5115955278934708
vit_b_16,vit_b_16,58,encoder.layers.encoder_layer_11.mlp.0,-0.4153528871563039,-0.7200448894117564,-0.23820259083183043,0.9140140871984029,0.7442148673046937,-0.5197622459268747
vit_b_16,vit_b_16,59,encoder.layers.encoder_layer_11.mlp.1,-0.5334053525027634,-0.8300218599734436,-0.3518382114775078,0.9310130470755882,0.7234975792320499,-0.59251641763136
vit_b_16,vit_b_16,60,encoder.layers.encoder_layer_11.mlp.3,-0.6167051945939903,-0.9300373377165498,-0.42146575191897184,0.9170345417874144,0.6968558911518088,-0.6710841891660032
vit_b_16,vit_b_16,61,encoder.ln,-0.4841654939264973,-0.650800460035965,-0.3371635115233237,0.9462292776627534,0.7944253620078559,-0.5298531617017521
vit_b_16,vit_b_16,62,heads.head,-0.372845287843768,-0.6235219393917826,-0.14846623256061336,0.9399099811584557,0.8681307254062341,-0.3252665244570769
vit_b_16,vit_b_16,63,logits,-0.372845287843768,-0.6235219393917826,-0.14846623256061336,0.9399099811584557,0.8681307254062341,-0.3252665244570769
vit_b_16,vit_b_16,64,prob,-0.16197349769354957,-0.384185050922446,0.08247998015319938,0.9326800439512353,0.9052240318304927,-0.16379217034652166
